# Rx, Ry, d
0.000000000000000000e+00,0.000000000000000000e+00,1.716666666500000105e+00
-7.497065847353302781e-02,2.467206801508014191e+00,1.716666666500000105e+00
2.024207778785391820e+00,3.765736697038547742e+00,1.716666666500000105e+00
-1.499413169470660556e-01,4.934413603016028382e+00,1.716666666500000105e+00
1.949237120311859250e+00,6.232943498546561933e+00,1.716666666500000105e+00
4.048415557570783641e+00,7.531473394077095485e+00,1.716666666500000105e+00
-2.324090412679524320e+00,6.103090508993507690e+00,1.716666666500000105e+00
-2.249119754205990973e-01,7.401620404524042129e+00,1.716666666500000105e+00
1.874266461838325348e+00,8.700150300054577457e+00,1.716666666500000105e+00
3.973444899097249738e+00,9.998680195585109232e+00,1.716666666500000105e+00
6.072623336356175017e+00,1.129721009111564278e+01,1.716666666500000105e+00
-2.399061071153056446e+00,8.570297310501523214e+00,1.716666666500000105e+00
-2.998826338941321112e-01,9.868827206032056765e+00,1.716666666500000105e+00
1.799295803364792334e+00,1.116735710156259032e+01,1.716666666500000105e+00
3.898474240623718501e+00,1.246588699709312387e+01,1.716666666500000105e+00
5.997652677882642003e+00,1.376441689262365742e+01,1.716666666500000105e+00
8.096831115141567281e+00,1.506294678815419097e+01,1.716666666500000105e+00
-4.573210166885513850e+00,9.738974216479004298e+00,1.716666666500000105e+00
-2.474031729626589460e+00,1.103750411200953607e+01,1.716666666500000105e+00
-3.748532923676651252e-01,1.233603400754006962e+01,1.716666666500000105e+00
1.724325144891261097e+00,1.363456390307060317e+01,1.716666666500000105e+00
3.823503582150185487e+00,1.493309379860113850e+01,1.716666666500000105e+00
5.922682019409108989e+00,1.623162369413167028e+01,1.716666666500000105e+00
8.021860456668033379e+00,1.753015358966220916e+01,1.716666666500000105e+00
1.012103889392695777e+01,1.882868348519273738e+01,1.716666666500000105e+00
-4.648180825359048640e+00,1.220618101798701538e+01,1.716666666500000105e+00
-2.549002388100124250e+00,1.350471091351754893e+01,1.716666666500000105e+00
-4.498239508411981946e-01,1.480324080904808426e+01,1.716666666500000105e+00
1.649354486417726084e+00,1.610177070457861959e+01,1.716666666500000105e+00
3.748532923676650697e+00,1.740030060010915491e+01,1.716666666500000105e+00
5.847711360935574199e+00,1.869883049563968669e+01,1.716666666500000105e+00
7.946889798194499477e+00,1.999736039117021846e+01,1.716666666500000105e+00
1.004606823545342387e+01,2.129589028670075379e+01,1.716666666500000105e+00
1.214524667271235003e+01,2.259442018223128557e+01,1.716666666500000105e+00
-6.822329921091506044e+00,1.337485792396449824e+01,1.716666666500000105e+00
-4.723151483832581654e+00,1.467338781949503002e+01,1.716666666500000105e+00
-2.623973046573655488e+00,1.597191771502556712e+01,1.716666666500000105e+00
-5.247946093147312085e-01,1.727044761055610067e+01,1.716666666500000105e+00
1.574383827944193293e+00,1.856897750608663245e+01,1.716666666500000105e+00
3.673562265203117683e+00,1.986750740161716777e+01,1.716666666500000105e+00
5.772740702462041185e+00,2.116603729714769955e+01,1.716666666500000105e+00
7.871919139720966463e+00,2.246456719267823132e+01,1.716666666500000105e+00
9.971097576979893518e+00,2.376309708820877020e+01,1.716666666500000105e+00
1.207027601423881791e+01,2.506162698373930198e+01,1.716666666500000105e+00
1.416945445149774230e+01,2.636015687926983730e+01,1.716666666500000105e+00
-6.897300579565039058e+00,1.584206472547251110e+01,1.716666666500000105e+00
-4.798122142306112892e+00,1.714059462100304643e+01,1.716666666500000105e+00
-2.698943705047188502e+00,1.843912451653358175e+01,1.716666666500000105e+00
-5.997652677882642225e-01,1.973765441206411353e+01,1.716666666500000105e+00
1.499413169470660279e+00,2.103618430759464530e+01,1.716666666500000105e+00
3.598591606729584669e+00,2.233471420312518063e+01,1.716666666500000105e+00
5.697770043988508171e+00,2.363324409865571596e+01,1.716666666500000105e+00
7.796948481247437002e+00,2.493177399418624773e+01,1.716666666500000105e+00
9.896126918506361392e+00,2.623030388971678306e+01,1.716666666500000105e+00
1.199530535576528401e+01,2.752883378524731484e+01,1.716666666500000105e+00
1.409448379302420840e+01,2.882736368077785016e+01,1.716666666500000105e+00
1.619366223028313456e+01,3.012589357630838194e+01,1.716666666500000105e+00
-9.071449675297497350e+00,1.701074163144999218e+01,1.716666666500000105e+00
-6.972271238038570296e+00,1.830927152698052751e+01,1.716666666500000105e+00
-4.873092800779645906e+00,1.960780142251105929e+01,1.716666666500000105e+00
-2.773914363520721515e+00,2.090633131804159461e+01,1.716666666500000105e+00
-6.747359262617972364e-01,2.220486121357212639e+01,1.716666666500000105e+00
1.424442510997127265e+00,2.350339110910265816e+01,1.716666666500000105e+00
3.523620948256051655e+00,2.480192100463319349e+01,1.716666666500000105e+00
5.622799385514978709e+00,2.610045090016372882e+01,1.716666666500000105e+00
7.721977822773903988e+00,2.739898079569426415e+01,1.716666666500000105e+00
9.821156260032827490e+00,2.869751069122479592e+01,1.716666666500000105e+00
1.192033469729175188e+01,2.999604058675532769e+01,1.716666666500000105e+00
1.401951313455067627e+01,3.129457048228586658e+01,1.716666666500000105e+00
1.611869157180960244e+01,3.259310037781639835e+01,1.716666666500000105e+00
1.821787000906852683e+01,3.389163027334692657e+01,1.716666666500000105e+00
-9.146420333771027700e+00,1.947794843295800860e+01,1.716666666500000105e+00
-7.047241896512103310e+00,2.077647832848854037e+01,1.716666666500000105e+00
-4.948063459253178920e+00,2.207500822401907214e+01,1.716666666500000105e+00
-2.848885021994254529e+00,2.337353811954960747e+01,1.716666666500000105e+00
-7.497065847353302503e-01,2.467206801508013925e+01,1.716666666500000105e+00
1.349471852523594029e+00,2.597059791061067457e+01,1.716666666500000105e+00
3.448650289782522194e+00,2.726912780614120635e+01,1.716666666500000105e+00
5.547828727041445696e+00,2.856765770167174168e+01,1.716666666500000105e+00
7.647007164300370974e+00,2.986618759720227700e+01,1.716666666500000105e+00
9.746185601559295364e+00,3.116471749273281233e+01,1.716666666500000105e+00
1.184536403881821798e+01,3.246324738826334055e+01,1.716666666500000105e+00
1.394454247607714237e+01,3.376177728379387588e+01,1.716666666500000105e+00
1.604372091333606676e+01,3.506030717932441831e+01,1.716666666500000105e+00
1.814289935059499115e+01,3.635883707485493943e+01,1.716666666500000105e+00
-1.132056942950348422e+01,2.064662533893548613e+01,1.716666666500000105e+00
-9.221390992244561602e+00,2.194515523446602145e+01,1.716666666500000105e+00
-7.122212554985636324e+00,2.324368512999655678e+01,1.716666666500000105e+00
-5.023034117726711933e+00,2.454221502552708500e+01,1.716666666500000105e+00
-2.923855680467787543e+00,2.584074492105762388e+01,1.716666666500000105e+00
-8.246772432088633753e-01,2.713927481658815566e+01,1.716666666500000105e+00
1.274501194050064568e+00,2.843780471211868743e+01,1.716666666500000105e+00
3.373679631308988736e+00,2.973633460764922631e+01,1.716666666500000105e+00
5.472858068567912682e+00,3.103486450317975809e+01,1.716666666500000105e+00
7.572036505826837960e+00,3.233339439871029697e+01,1.716666666500000105e+00
9.671214943085761462e+00,3.363192429424081809e+01,1.716666666500000105e+00
1.177039338034468585e+01,3.493045418977136052e+01,1.716666666500000105e+00
1.386957181760361024e+01,3.622898408530188874e+01,1.716666666500000105e+00
1.596875025486253463e+01,3.752751398083243117e+01,1.716666666500000105e+00
1.806792869212145902e+01,3.882604387636295229e+01,1.716666666500000105e+00
-1.139554008797702167e+01,2.311383214044350254e+01,1.716666666500000105e+00
-9.296361650718097280e+00,2.441236203597403076e+01,1.716666666500000105e+00
-7.197183213459172890e+00,2.571089193150456964e+01,1.716666666500000105e+00
-5.098004776200248500e+00,2.700942182703509786e+01,1.716666666500000105e+00
-2.998826338941324110e+00,2.830795172256563674e+01,1.716666666500000105e+00
-8.996479016823963892e-01,2.960648161809616852e+01,1.716666666500000105e+00
1.199530535576528001e+00,3.090501151362670385e+01,1.716666666500000105e+00
3.298708972835452169e+00,3.220354140915723917e+01,1.716666666500000105e+00
5.397887410094376115e+00,3.350207130468776739e+01,1.716666666500000105e+00
7.497065847353301393e+00,3.480060120021830983e+01,1.716666666500000105e+00
9.596244284612225783e+00,3.609913109574883094e+01,1.716666666500000105e+00
1.169542272187114840e+01,3.739766099127937338e+01,1.716666666500000105e+00
1.379460115913007279e+01,3.869619088680990160e+01,1.716666666500000105e+00
1.589377959638899895e+01,3.999472078234043693e+01,1.716666666500000105e+00
-1.356968918370947819e+01,2.428250904642098362e+01,1.716666666500000105e+00
-1.147051074645055380e+01,2.558103894195151540e+01,1.716666666500000105e+00
-9.371332309191631182e+00,2.687956883748204717e+01,1.716666666500000105e+00
-7.272153871932705904e+00,2.817809873301258250e+01,1.716666666500000105e+00
-5.172975434673781514e+00,2.947662862854311783e+01,1.716666666500000105e+00
-3.073796997414853571e+00,3.077515852407365315e+01,1.716666666500000105e+00
-9.746185601559295142e-01,3.207368841960418848e+01,1.716666666500000105e+00
1.124559877102994765e+00,3.337221831513472381e+01,1.716666666500000105e+00
3.223738314361919599e+00,3.467074821066525203e+01,1.716666666500000105e+00
5.322916751620843101e+00,3.596927810619578025e+01,1.716666666500000105e+00
7.422095188879768379e+00,3.726780800172632269e+01,1.716666666500000105e+00
9.521273626138691881e+00,3.856633789725685091e+01,1.716666666500000105e+00
1.162045206339761627e+01,3.986486779278738624e+01,1.716666666500000105e+00
1.371963050065654066e+01,4.116339768831792156e+01,1.716666666500000105e+00
1.581880893791546505e+01,4.246192758384846400e+01,1.716666666500000105e+00
-1.364465984218301209e+01,2.674971584792899648e+01,1.716666666500000105e+00
-1.154548140492408770e+01,2.804824574345952826e+01,1.716666666500000105e+00
-9.446302967665163308e+00,2.934677563899006003e+01,1.716666666500000105e+00
-7.347124530406238918e+00,3.064530553452059891e+01,1.716666666500000105e+00
-5.247946093147310975e+00,3.194383543005113424e+01,1.716666666500000105e+00
-3.148767655888387029e+00,3.324236532558166601e+01,1.716666666500000105e+00
-1.049589218629462417e+00,3.454089522111220134e+01,1.716666666500000105e+00
1.049589218629461973e+00,3.583942511664272956e+01,1.716666666500000105e+00
3.148767655888386585e+00,3.713795501217326489e+01,1.716666666500000105e+00
5.247946093147310087e+00,3.843648490770380022e+01,1.716666666500000105e+00
7.347124530406235365e+00,3.973501480323433555e+01,1.716666666500000105e+00
9.446302967665159755e+00,4.103354469876486377e+01,1.716666666500000105e+00
1.154548140492408237e+01,4.233207459429539909e+01,1.716666666500000105e+00
1.364465984218300676e+01,4.363060448982594153e+01,1.716666666500000105e+00
-1.581880893791546860e+01,2.791839275390647401e+01,1.716666666500000105e+00
-1.371963050065654421e+01,2.921692264943700934e+01,1.716666666500000105e+00
-1.162045206339761982e+01,3.051545254496754467e+01,1.716666666500000105e+00
-9.521273626138697210e+00,3.181398244049808000e+01,1.716666666500000105e+00
-7.422095188879768379e+00,3.311251233602860822e+01,1.716666666500000105e+00
-5.322916751620843989e+00,3.441104223155915065e+01,1.716666666500000105e+00
-3.223738314361919599e+00,3.570957212708967177e+01,1.716666666500000105e+00
-1.124559877102995431e+00,3.700810202262021420e+01,1.716666666500000105e+00
9.746185601559287370e-01,3.830663191815074953e+01,1.716666666500000105e+00
3.073796997414853571e+00,3.960516181368127775e+01,1.716666666500000105e+00
5.172975434673777073e+00,4.090369170921181308e+01,1.716666666500000105e+00
7.272153871932702351e+00,4.220222160474234840e+01,1.716666666500000105e+00
9.371332309191625853e+00,4.350075150027288373e+01,1.716666666500000105e+00
1.147051074645055024e+01,4.479928139580341195e+01,1.716666666500000105e+00
1.356968918370947463e+01,4.609781129133395439e+01,1.716666666500000105e+00
-1.589377959638900073e+01,3.038559955541449042e+01,1.716666666500000105e+00
-1.379460115913007812e+01,3.168412945094502220e+01,1.716666666500000105e+00
-1.169542272187115373e+01,3.298265934647555753e+01,1.716666666500000105e+00
-9.596244284612225783e+00,3.428118924200609285e+01,1.716666666500000105e+00
-7.497065847353301393e+00,3.557971913753662108e+01,1.716666666500000105e+00
-5.397887410094377003e+00,3.687824903306716351e+01,1.716666666500000105e+00
-3.298708972835453057e+00,3.817677892859769173e+01,1.716666666500000105e+00
-1.199530535576528445e+00,3.947530882412822706e+01,1.716666666500000105e+00
8.996479016823959451e-01,4.077383871965876239e+01,1.716666666500000105e+00
2.998826338941320557e+00,4.207236861518929061e+01,1.716666666500000105e+00
5.098004776200244059e+00,4.337089851071983304e+01,1.716666666500000105e+00
7.197183213459169338e+00,4.466942840625036126e+01,1.716666666500000105e+00
9.296361650718093728e+00,4.596795830178089659e+01,1.716666666500000105e+00
1.139554008797701634e+01,4.726648819731143192e+01,1.716666666500000105e+00
-1.806792869212145902e+01,3.155427646139196796e+01,1.716666666500000105e+00
-1.596875025486253463e+01,3.285280635692249973e+01,1.716666666500000105e+00
-1.386957181760361024e+01,3.415133625245304216e+01,1.716666666500000105e+00
-1.177039338034468230e+01,3.544986614798357039e+01,1.716666666500000105e+00
-9.671214943085759685e+00,3.674839604351410571e+01,1.716666666500000105e+00
-7.572036505826834407e+00,3.804692593904464104e+01,1.716666666500000105e+00
-5.472858068567910017e+00,3.934545583457517637e+01,1.716666666500000105e+00
-3.373679631308985627e+00,4.064398573010570459e+01,1.716666666500000105e+00
-1.274501194050061459e+00,4.194251562563623992e+01,1.716666666500000105e+00
8.246772432088627092e-01,4.324104552116678235e+01,1.716666666500000105e+00
2.923855680467787543e+00,4.453957541669730347e+01,1.716666666500000105e+00
5.023034117726711045e+00,4.583810531222783879e+01,1.716666666500000105e+00
7.122212554985635435e+00,4.713663520775838123e+01,1.716666666500000105e+00
9.221390992244559826e+00,4.843516510328890945e+01,1.716666666500000105e+00
1.132056942950348422e+01,4.973369499881943767e+01,1.716666666500000105e+00
-1.814289935059499470e+01,3.402148326289998437e+01,1.716666666500000105e+00
-1.604372091333606676e+01,3.532001315843051259e+01,1.716666666500000105e+00
-1.394454247607714059e+01,3.661854305396105502e+01,1.716666666500000105e+00
-1.184536403881821620e+01,3.791707294949159035e+01,1.716666666500000105e+00
-9.746185601559291811e+00,3.921560284502211857e+01,1.716666666500000105e+00
-7.647007164300367421e+00,4.051413274055265390e+01,1.716666666500000105e+00
-5.547828727041443031e+00,4.181266263608318923e+01,1.716666666500000105e+00
-3.448650289782519085e+00,4.311119253161372455e+01,1.716666666500000105e+00
-1.349471852523594473e+00,4.440972242714425278e+01,1.716666666500000105e+00
7.497065847353299173e-01,4.570825232267478810e+01,1.716666666500000105e+00
2.848885021994254529e+00,4.700678221820531633e+01,1.716666666500000105e+00
4.948063459253178031e+00,4.830531211373585876e+01,1.716666666500000105e+00
7.047241896512103310e+00,4.960384200926638698e+01,1.716666666500000105e+00
9.146420333771025923e+00,5.090237190479692231e+01,1.716666666500000105e+00
-1.821787000906852683e+01,3.648869006440799723e+01,1.716666666500000105e+00
-1.611869157180959533e+01,3.778721995993852545e+01,1.716666666500000105e+00
-1.401951313455067272e+01,3.908574985546906788e+01,1.716666666500000105e+00
-1.192033469729174833e+01,4.038427975099960321e+01,1.716666666500000105e+00
-9.821156260032825713e+00,4.168280964653013143e+01,1.716666666500000105e+00
-7.721977822773900435e+00,4.298133954206067386e+01,1.716666666500000105e+00
-5.622799385514976045e+00,4.427986943759120209e+01,1.716666666500000105e+00
-3.523620948256051655e+00,4.557839933312173031e+01,1.716666666500000105e+00
-1.424442510997127487e+00,4.687692922865226564e+01,1.716666666500000105e+00
6.747359262617966813e-01,4.817545912418280807e+01,1.716666666500000105e+00
2.773914363520721515e+00,4.947398901971332918e+01,1.716666666500000105e+00
4.873092800779645017e+00,5.077251891524387162e+01,1.716666666500000105e+00
6.972271238038569408e+00,5.207104881077440695e+01,1.716666666500000105e+00
9.071449675297500903e+00,5.336957870630493517e+01,1.716666666500000105e+00
-1.619366223028313101e+01,4.025442676144654541e+01,1.716666666500000105e+00
-1.409448379302420662e+01,4.155295665697708074e+01,1.716666666500000105e+00
-1.199530535576528223e+01,4.285148655250762317e+01,1.716666666500000105e+00
-9.896126918506357839e+00,4.415001644803814429e+01,1.716666666500000105e+00
-7.796948481247433449e+00,4.544854634356867962e+01,1.716666666500000105e+00
-5.697770043988509059e+00,4.674707623909921494e+01,1.716666666500000105e+00
-3.598591606729585113e+00,4.804560613462975027e+01,1.716666666500000105e+00
-1.499413169470660501e+00,4.934413603016027849e+01,1.716666666500000105e+00
5.997652677882636674e-01,5.064266592569082093e+01,1.716666666500000105e+00
2.698943705047188057e+00,5.194119582122134915e+01,1.716666666500000105e+00
4.798122142306112003e+00,5.323972571675188448e+01,1.716666666500000105e+00
6.897300579565044387e+00,5.453825561228241270e+01,1.716666666500000105e+00
-1.416945445149773875e+01,4.402016345848509360e+01,1.716666666500000105e+00
-1.207027601423881435e+01,4.531869335401563603e+01,1.716666666500000105e+00
-9.971097576979891741e+00,4.661722324954616425e+01,1.716666666500000105e+00
-7.871919139720966463e+00,4.791575314507669958e+01,1.716666666500000105e+00
-5.772740702462042073e+00,4.921428304060722780e+01,1.716666666500000105e+00
-3.673562265203118127e+00,5.051281293613776313e+01,1.716666666500000105e+00
-1.574383827944193737e+00,5.181134283166829846e+01,1.716666666500000105e+00
5.247946093147306534e-01,5.310987272719883379e+01,1.716666666500000105e+00
2.623973046573655044e+00,5.440840262272936201e+01,1.716666666500000105e+00
4.723151483832586095e+00,5.570693251825990444e+01,1.716666666500000105e+00
6.822329921091510485e+00,5.700546241379043266e+01,1.716666666500000105e+00
-1.214524667271234826e+01,4.778590015552364889e+01,1.716666666500000105e+00
-1.004606823545342387e+01,4.908443005105417001e+01,1.716666666500000105e+00
-7.946889798194499477e+00,5.038295994658471244e+01,1.716666666500000105e+00
-5.847711360935575087e+00,5.168148984211524777e+01,1.716666666500000105e+00
-3.748532923676651141e+00,5.298001973764577599e+01,1.716666666500000105e+00
-1.649354486417726751e+00,5.427854963317631132e+01,1.716666666500000105e+00
4.498239508411974175e-01,5.557707952870685375e+01,1.716666666500000105e+00
2.549002388100129135e+00,5.687560942423737487e+01,1.716666666500000105e+00
4.648180825359053081e+00,5.817413931976791019e+01,1.716666666500000105e+00
-1.012103889392695777e+01,5.155163685256218997e+01,1.716666666500000105e+00
-8.021860456668033379e+00,5.285016674809272530e+01,1.716666666500000105e+00
-5.922682019409108989e+00,5.414869664362326063e+01,1.716666666500000105e+00
-3.823503582150184599e+00,5.544722653915379595e+01,1.716666666500000105e+00
-1.724325144891259765e+00,5.674575643468432418e+01,1.716666666500000105e+00
3.748532923676717310e-01,5.804428633021485950e+01,1.716666666500000105e+00
2.474031729626596121e+00,5.934281622574538773e+01,1.716666666500000105e+00
4.573210166885520067e+00,6.064134612127593016e+01,1.716666666500000105e+00
-8.096831115141572610e+00,5.531737354960074526e+01,1.716666666500000105e+00
-5.997652677882648220e+00,5.661590344513127349e+01,1.716666666500000105e+00
-3.898474240623724274e+00,5.791443334066180171e+01,1.716666666500000105e+00
-1.799295803364792778e+00,5.921296323619233704e+01,1.716666666500000105e+00
2.998826338941316116e-01,6.051149313172287947e+01,1.716666666500000105e+00
2.399061071153056002e+00,6.181002302725340769e+01,1.716666666500000105e+00
-6.072623336356182122e+00,5.908311024663928634e+01,1.716666666500000105e+00
-3.973444899097250183e+00,6.038164014216982167e+01,1.716666666500000105e+00
-1.874266461838325792e+00,6.168017003770035700e+01,1.716666666500000105e+00
2.249119754205985977e-01,6.297869993323089233e+01,1.716666666500000105e+00
2.324090412679523432e+00,6.427722982876142055e+01,1.716666666500000105e+00
-4.048415557570782752e+00,6.284884694367783453e+01,1.716666666500000105e+00
-1.949237120311859028e+00,6.414737683920837696e+01,1.716666666500000105e+00
1.499413169470655838e-01,6.544590673473891229e+01,1.716666666500000105e+00
-2.024207778785391820e+00,6.661458364071637561e+01,1.716666666500000105e+00
7.497065847353256984e-02,6.791311353624691094e+01,1.716666666500000105e+00
6.747359262617975695e-01,1.255245565679516062e+00,1.716666666500000105e+00
5.997652677882645555e-01,3.722452367187529809e+00,1.716666666500000105e+00
2.698943705047189390e+00,5.020982262718064248e+00,1.716666666500000105e+00
-1.574383827944193293e+00,4.891129273165010893e+00,1.716666666500000105e+00
5.247946093147315416e-01,6.189659168695543556e+00,1.716666666500000105e+00
2.623973046573656820e+00,7.488189064226077107e+00,1.716666666500000105e+00
4.723151483832580766e+00,8.786718959756612435e+00,1.716666666500000105e+00
-1.649354486417726751e+00,7.358336074673023752e+00,1.716666666500000105e+00
4.498239508411984722e-01,8.656865970203559968e+00,1.716666666500000105e+00
2.549002388100122918e+00,9.955395865734091743e+00,1.716666666500000105e+00
4.648180825359045976e+00,1.125392576126462529e+01,1.716666666500000105e+00
6.747359262617972142e+00,1.255245565679515884e+01,1.716666666500000105e+00
-3.823503582150183711e+00,8.527012980650505725e+00,1.716666666500000105e+00
-1.724325144891258876e+00,9.825542876181039276e+00,1.716666666500000105e+00
3.748532923676654582e-01,1.112407277171157283e+01,1.716666666500000105e+00
2.474031729626589904e+00,1.242260266724210460e+01,1.716666666500000105e+00
4.573210166885514738e+00,1.372113256277263815e+01,1.716666666500000105e+00
6.672388604144439128e+00,1.501966245830317348e+01,1.716666666500000105e+00
8.771567041403363518e+00,1.631819235383370881e+01,1.716666666500000105e+00
-3.898474240623715836e+00,1.099421978215851858e+01,1.716666666500000105e+00
-1.799295803364791890e+00,1.229274967768905213e+01,1.716666666500000105e+00
2.998826338941324443e-01,1.359127957321958569e+01,1.716666666500000105e+00
2.399061071153058666e+00,1.488980946875011746e+01,1.716666666500000105e+00
4.498239508411981724e+00,1.618833936428065812e+01,1.716666666500000105e+00
6.597417945670906114e+00,1.748686925981118634e+01,1.716666666500000105e+00
8.696596382929829616e+00,1.878539915534172167e+01,1.716666666500000105e+00
1.079577482018875578e+01,2.008392905087225344e+01,1.716666666500000105e+00
-6.072623336356175905e+00,1.216289668813599789e+01,1.716666666500000105e+00
-3.973444899097250627e+00,1.346142658366653144e+01,1.716666666500000105e+00
-1.874266461838326681e+00,1.475995647919706499e+01,1.716666666500000105e+00
2.249119754205993194e-01,1.605848637472760387e+01,1.716666666500000105e+00
2.324090412679523876e+00,1.735701627025813565e+01,1.716666666500000105e+00
4.423268849938446934e+00,1.865554616578867098e+01,1.716666666500000105e+00
6.522447287197371324e+00,1.995407606131920275e+01,1.716666666500000105e+00
8.621625724456295714e+00,2.125260595684973453e+01,1.716666666500000105e+00
1.072080416171522010e+01,2.255113585238026985e+01,1.716666666500000105e+00
1.281998259897414805e+01,2.384966574791080163e+01,1.716666666500000105e+00
-6.147593994829708919e+00,1.463010348964401253e+01,1.716666666500000105e+00
-4.048415557570783641e+00,1.592863338517454963e+01,1.716666666500000105e+00
-1.949237120311857918e+00,1.722716328070508141e+01,1.716666666500000105e+00
1.499413169470663609e-01,1.852569317623561673e+01,1.716666666500000105e+00
2.249119754205990862e+00,1.982422307176614851e+01,1.716666666500000105e+00
4.348298191464913920e+00,2.112275296729668383e+01,1.716666666500000105e+00
6.447476628723838310e+00,2.242128286282721561e+01,1.716666666500000105e+00
8.546655065982761812e+00,2.371981275835774738e+01,1.716666666500000105e+00
1.064583350324169153e+01,2.501834265388828626e+01,1.716666666500000105e+00
1.274501194050061592e+01,2.631687254941881804e+01,1.716666666500000105e+00
1.484419037775953853e+01,2.761540244494934981e+01,1.716666666500000105e+00
-8.321743090562165435e+00,1.579878039562149716e+01,1.716666666500000105e+00
-6.222564653303241933e+00,1.709731029115202716e+01,1.716666666500000105e+00
-4.123386216044314878e+00,1.839584018668256249e+01,1.716666666500000105e+00
-2.024207778785390932e+00,1.969437008221309426e+01,1.716666666500000105e+00
7.497065847353334700e-02,2.099289997774362959e+01,1.716666666500000105e+00
2.174149095732457848e+00,2.229142987327416137e+01,1.716666666500000105e+00
4.273327532991380906e+00,2.358995976880469669e+01,1.716666666500000105e+00
6.372505970250305296e+00,2.488848966433523202e+01,1.716666666500000105e+00
8.471684407509233239e+00,2.618701955986576024e+01,1.716666666500000105e+00
1.057086284476815763e+01,2.748554945539629912e+01,1.716666666500000105e+00
1.267004128202708202e+01,2.878407935092683090e+01,1.716666666500000105e+00
1.476921971928600641e+01,3.008260924645736267e+01,1.716666666500000105e+00
1.686839815654493080e+01,3.138113914198790155e+01,1.716666666500000105e+00
-8.396713749035699337e+00,1.826598719712950825e+01,1.716666666500000105e+00
-6.297535311776773170e+00,1.956451709266004357e+01,1.716666666500000105e+00
-4.198356874517847892e+00,2.086304698819057535e+01,1.716666666500000105e+00
-2.099178437258923946e+00,2.216157688372110712e+01,1.716666666500000105e+00
3.330669073875469621e-16,2.346010677925164245e+01,1.716666666500000105e+00
2.099178437258924834e+00,2.475863667478217423e+01,1.716666666500000105e+00
4.198356874517847892e+00,2.605716657031270955e+01,1.716666666500000105e+00
6.297535311776775835e+00,2.735569646584324488e+01,1.716666666500000105e+00
8.396713749035699337e+00,2.865422636137377665e+01,1.716666666500000105e+00
1.049589218629462550e+01,2.995275625690431198e+01,1.716666666500000105e+00
1.259507062355354989e+01,3.125128615243484731e+01,1.716666666500000105e+00
1.469424906081247251e+01,3.254981604796538619e+01,1.716666666500000105e+00
1.679342749807139867e+01,3.384834594349590731e+01,1.716666666500000105e+00
1.889260593533031951e+01,3.514687583902644974e+01,1.716666666500000105e+00
-1.057086284476815585e+01,1.943466410310698578e+01,1.716666666500000105e+00
-8.471684407509229686e+00,2.073319399863752110e+01,1.716666666500000105e+00
-6.372505970250306184e+00,2.203172389416805643e+01,1.716666666500000105e+00
-4.273327532991380906e+00,2.333025378969858821e+01,1.716666666500000105e+00
-2.174149095732456960e+00,2.462878368522911998e+01,1.716666666500000105e+00
-7.497065847353268087e-02,2.592731358075965531e+01,1.716666666500000105e+00
2.024207778785391376e+00,2.722584347629019064e+01,1.716666666500000105e+00
4.123386216044318431e+00,2.852437337182072241e+01,1.716666666500000105e+00
6.222564653303242821e+00,2.982290326735125774e+01,1.716666666500000105e+00
8.321743090562167211e+00,3.112143316288179307e+01,1.716666666500000105e+00
1.042092152782109160e+01,3.241996305841232839e+01,1.716666666500000105e+00
1.252009996508001599e+01,3.371849295394285662e+01,1.716666666500000105e+00
1.461927840233894038e+01,3.501702284947339905e+01,1.716666666500000105e+00
1.671845683959786300e+01,3.631555274500392727e+01,1.716666666500000105e+00
1.881763527685678739e+01,3.761408264053446260e+01,1.716666666500000105e+00
-1.064583350324168798e+01,2.190187090461500219e+01,1.716666666500000105e+00
-8.546655065982763588e+00,2.320040080014553396e+01,1.716666666500000105e+00
-6.447476628723839198e+00,2.449893069567607284e+01,1.716666666500000105e+00
-4.348298191464913920e+00,2.579746059120660107e+01,1.716666666500000105e+00
-2.249119754205990418e+00,2.709599048673713639e+01,1.716666666500000105e+00
-1.499413169470658058e-01,2.839452038226767172e+01,1.716666666500000105e+00
1.949237120311862137e+00,2.969305027779820350e+01,1.716666666500000105e+00
4.048415557570785417e+00,3.099158017332874593e+01,1.716666666500000105e+00
6.147593994829709807e+00,3.229011006885927770e+01,1.716666666500000105e+00
8.246772432088633309e+00,3.358863996438981303e+01,1.716666666500000105e+00
1.034595086934755948e+01,3.488716985992034125e+01,1.716666666500000105e+00
1.244512930660648209e+01,3.618569975545087658e+01,1.716666666500000105e+00
1.454430774386540648e+01,3.748422965098141191e+01,1.716666666500000105e+00
1.664348618112433087e+01,3.878275954651194013e+01,1.716666666500000105e+00
-1.281998259897414805e+01,2.307054781059248327e+01,1.716666666500000105e+00
-1.072080416171522366e+01,2.436907770612301860e+01,1.716666666500000105e+00
-8.621625724456299267e+00,2.566760760165354682e+01,1.716666666500000105e+00
-6.522447287197375765e+00,2.696613749718408570e+01,1.716666666500000105e+00
-4.423268849938450487e+00,2.826466739271461392e+01,1.716666666500000105e+00
-2.324090412679526985e+00,2.956319728824514925e+01,1.716666666500000105e+00
-2.249119754205988198e-01,3.086172718377568813e+01,1.716666666500000105e+00
1.874266461838325348e+00,3.216025707930622701e+01,1.716666666500000105e+00
3.973444899097248850e+00,3.345878697483675523e+01,1.716666666500000105e+00
6.072623336356173240e+00,3.475731687036729056e+01,1.716666666500000105e+00
8.171801773615097630e+00,3.605584676589782589e+01,1.716666666500000105e+00
1.027098021087402202e+01,3.735437666142835411e+01,1.716666666500000105e+00
1.237015864813294641e+01,3.865290655695888944e+01,1.716666666500000105e+00
1.446933708539187080e+01,3.995143645248942477e+01,1.716666666500000105e+00
1.656851552265079519e+01,4.124996634801996009e+01,1.716666666500000105e+00
-1.289495325744768017e+01,2.553775461210049968e+01,1.716666666500000105e+00
-1.079577482018875756e+01,2.683628450763103146e+01,1.716666666500000105e+00
-8.696596382929833169e+00,2.813481440316156323e+01,1.716666666500000105e+00
-6.597417945670908779e+00,2.943334429869209856e+01,1.716666666500000105e+00
-4.498239508411983500e+00,3.073187419422263744e+01,1.716666666500000105e+00
-2.399061071153056446e+00,3.203040408975316922e+01,1.716666666500000105e+00
-2.998826338941320557e-01,3.332893398528370454e+01,1.716666666500000105e+00
1.799295803364792334e+00,3.462746388081424698e+01,1.716666666500000105e+00
3.898474240623715836e+00,3.592599377634476809e+01,1.716666666500000105e+00
5.997652677882640226e+00,3.722452367187530342e+01,1.716666666500000105e+00
8.096831115141563728e+00,3.852305356740583875e+01,1.716666666500000105e+00
1.019600955240048989e+01,3.982158346293637408e+01,1.716666666500000105e+00
1.229518798965941428e+01,4.112011335846690940e+01,1.716666666500000105e+00
1.439436642691833690e+01,4.241864325399743763e+01,1.716666666500000105e+00
-1.506910235318013846e+01,2.670643151807797722e+01,1.716666666500000105e+00
-1.296992391592121407e+01,2.800496141360851254e+01,1.716666666500000105e+00
-1.087074547866228968e+01,2.930349130913904432e+01,1.716666666500000105e+00
-8.771567041403365295e+00,3.060202120466957965e+01,1.716666666500000105e+00
-6.672388604144441793e+00,3.190055110020011853e+01,1.716666666500000105e+00
-4.573210166885512962e+00,3.319908099573065385e+01,1.716666666500000105e+00
-2.474031729626589460e+00,3.449761089126118918e+01,1.716666666500000105e+00
-3.748532923676650697e-01,3.579614078679171740e+01,1.716666666500000105e+00
1.724325144891259542e+00,3.709467068232225273e+01,1.716666666500000105e+00
3.823503582150182822e+00,3.839320057785278095e+01,1.716666666500000105e+00
5.922682019409107212e+00,3.969173047338332339e+01,1.716666666500000105e+00
8.021860456668029826e+00,4.099026036891385871e+01,1.716666666500000105e+00
1.012103889392695599e+01,4.228879026444437983e+01,1.716666666500000105e+00
1.222021733118588038e+01,4.358732015997492226e+01,1.716666666500000105e+00
1.431939576844480477e+01,4.488585005550545759e+01,1.716666666500000105e+00
-1.514407301165367059e+01,2.917363831958599008e+01,1.716666666500000105e+00
-1.304489457439474620e+01,3.047216821511652896e+01,1.716666666500000105e+00
-1.094571613713582359e+01,3.177069811064706428e+01,1.716666666500000105e+00
-8.846537699876899197e+00,3.306922800617759606e+01,1.716666666500000105e+00
-6.747359262617971254e+00,3.436775790170813139e+01,1.716666666500000105e+00
-4.648180825359046864e+00,3.566628779723866671e+01,1.716666666500000105e+00
-2.549002388100122474e+00,3.696481769276919493e+01,1.716666666500000105e+00
-4.498239508411980836e-01,3.826334758829973026e+01,1.716666666500000105e+00
1.649354486417726307e+00,3.956187748383027269e+01,1.716666666500000105e+00
3.748532923676649808e+00,4.086040737936080092e+01,1.716666666500000105e+00
5.847711360935574199e+00,4.215893727489132914e+01,1.716666666500000105e+00
7.946889798194497700e+00,4.345746717042187157e+01,1.716666666500000105e+00
1.004606823545342387e+01,4.475599706595239979e+01,1.716666666500000105e+00
1.214524667271234648e+01,4.605452696148293512e+01,1.716666666500000105e+00
-1.731822210738612711e+01,3.034231522556347471e+01,1.716666666500000105e+00
-1.521904367012720449e+01,3.164084512109401004e+01,1.716666666500000105e+00
-1.311986523286828010e+01,3.293937501662453826e+01,1.716666666500000105e+00
-1.102068679560935571e+01,3.423790491215507359e+01,1.716666666500000105e+00
-8.921508358350429546e+00,3.553643480768560892e+01,1.716666666500000105e+00
-6.822329921091504268e+00,3.683496470321614424e+01,1.716666666500000105e+00
-4.723151483832578990e+00,3.813349459874667957e+01,1.716666666500000105e+00
-2.623973046573655488e+00,3.943202449427721490e+01,1.716666666500000105e+00
-5.247946093147310975e-01,4.073055438980775023e+01,1.716666666500000105e+00
1.574383827944193515e+00,4.202908428533827845e+01,1.716666666500000105e+00
3.673562265203116795e+00,4.332761418086881378e+01,1.716666666500000105e+00
5.772740702462041185e+00,4.462614407639934910e+01,1.716666666500000105e+00
7.871919139720964687e+00,4.592467397192988443e+01,1.716666666500000105e+00
9.971097576979889965e+00,4.722320386746041265e+01,1.716666666500000105e+00
1.207027601423881435e+01,4.852173376299095509e+01,1.716666666500000105e+00
-1.739319276585965923e+01,3.280952202707148047e+01,1.716666666500000105e+00
-1.529401432860073662e+01,3.410805192260202290e+01,1.716666666500000105e+00
-1.319483589134181400e+01,3.540658181813255823e+01,1.716666666500000105e+00
-1.109565745408288606e+01,3.670511171366308645e+01,1.716666666500000105e+00
-8.996479016823961672e+00,3.800364160919362178e+01,1.716666666500000105e+00
-6.897300579565037282e+00,3.930217150472416421e+01,1.716666666500000105e+00
-4.798122142306112892e+00,4.060070140025469954e+01,1.716666666500000105e+00
-2.698943705047188502e+00,4.189923129578522065e+01,1.716666666500000105e+00
-5.997652677882641115e-01,4.319776119131576309e+01,1.716666666500000105e+00
1.499413169470660279e+00,4.449629108684629841e+01,1.716666666500000105e+00
3.598591606729583781e+00,4.579482098237682663e+01,1.716666666500000105e+00
5.697770043988508171e+00,4.709335087790735486e+01,1.716666666500000105e+00
7.796948481247431673e+00,4.839188077343790439e+01,1.716666666500000105e+00
9.896126918506357839e+00,4.969041066896842551e+01,1.716666666500000105e+00
-1.956734186159211930e+01,3.397819893304897221e+01,1.716666666500000105e+00
-1.746816342433319491e+01,3.527672882857950043e+01,1.716666666500000105e+00
-1.536898498707427052e+01,3.657525872411003576e+01,1.716666666500000105e+00
-1.326980654981534258e+01,3.787378861964057108e+01,1.716666666500000105e+00
-1.117062811255641819e+01,3.917231851517110641e+01,1.716666666500000105e+00
-9.071449675297493798e+00,4.047084841070164174e+01,1.716666666500000105e+00
-6.972271238038570296e+00,4.176937830623216996e+01,1.716666666500000105e+00
-4.873092800779645017e+00,4.306790820176271239e+01,1.716666666500000105e+00
-2.773914363520721515e+00,4.436643809729324062e+01,1.716666666500000105e+00
-6.747359262617971254e-01,4.566496799282377594e+01,1.716666666500000105e+00
1.424442510997127487e+00,4.696349788835430417e+01,1.716666666500000105e+00
3.523620948256050767e+00,4.826202778388483949e+01,1.716666666500000105e+00
5.622799385514975157e+00,4.956055767941537482e+01,1.716666666500000105e+00
7.721977822773898659e+00,5.085908757494591015e+01,1.716666666500000105e+00
9.821156260032823937e+00,5.215761747047643837e+01,1.716666666500000105e+00
-1.754313408280672704e+01,3.774393563008751329e+01,1.716666666500000105e+00
-1.544395564554779909e+01,3.904246552561804862e+01,1.716666666500000105e+00
-1.334477720828887470e+01,4.034099542114859105e+01,1.716666666500000105e+00
-1.124559877102995209e+01,4.163952531667911217e+01,1.716666666500000105e+00
-9.146420333771027700e+00,4.293805521220965460e+01,1.716666666500000105e+00
-7.047241896512103310e+00,4.423658510774018993e+01,1.716666666500000105e+00
-4.948063459253178920e+00,4.553511500327072525e+01,1.716666666500000105e+00
-2.848885021994254529e+00,4.683364489880124637e+01,1.716666666500000105e+00
-7.497065847353301393e-01,4.813217479433178880e+01,1.716666666500000105e+00
1.349471852523594251e+00,4.943070468986232413e+01,1.716666666500000105e+00
3.448650289782517753e+00,5.072923458539285235e+01,1.716666666500000105e+00
5.547828727041441255e+00,5.202776448092338768e+01,1.716666666500000105e+00
7.647007164300365645e+00,5.332629437645393011e+01,1.716666666500000105e+00
-1.551892630402133300e+01,4.150967232712606148e+01,1.716666666500000105e+00
-1.341974786676240861e+01,4.280820222265660391e+01,1.716666666500000105e+00
-1.132056942950348422e+01,4.410673211818713213e+01,1.716666666500000105e+00
-9.221390992244561602e+00,4.540526201371766746e+01,1.716666666500000105e+00
-7.122212554985636324e+00,4.670379190924819568e+01,1.716666666500000105e+00
-5.023034117726711045e+00,4.800232180477873811e+01,1.716666666500000105e+00
-2.923855680467787543e+00,4.930085170030926633e+01,1.716666666500000105e+00
-8.246772432088631533e-01,5.059938159583980166e+01,1.716666666500000105e+00
1.274501194050061237e+00,5.189791149137033699e+01,1.716666666500000105e+00
3.373679631308984739e+00,5.319644138690087232e+01,1.716666666500000105e+00
5.472858068567909129e+00,5.449497128243140054e+01,1.716666666500000105e+00
7.572036505826839736e+00,5.579350117796193587e+01,1.716666666500000105e+00
-1.349471852523594251e+01,4.527540902416461677e+01,1.716666666500000105e+00
-1.139554008797701812e+01,4.657393891969514499e+01,1.716666666500000105e+00
-9.296361650718093728e+00,4.787246881522568742e+01,1.716666666500000105e+00
-7.197183213459169338e+00,4.917099871075621564e+01,1.716666666500000105e+00
-5.098004776200244947e+00,5.046952860628675097e+01,1.716666666500000105e+00
-2.998826338941320557e+00,5.176805850181727919e+01,1.716666666500000105e+00
-8.996479016823963892e-01,5.306658839734782163e+01,1.716666666500000105e+00
1.199530535576528223e+00,5.436511829287834985e+01,1.716666666500000105e+00
3.298708972835451725e+00,5.566364818840888518e+01,1.716666666500000105e+00
5.397887410094382332e+00,5.696217808393942050e+01,1.716666666500000105e+00
-1.147051074645055024e+01,4.904114572120315785e+01,1.716666666500000105e+00
-9.371332309191625853e+00,5.033967561673369318e+01,1.716666666500000105e+00
-7.272153871932703240e+00,5.163820551226422850e+01,1.716666666500000105e+00
-5.172975434673777961e+00,5.293673540779477094e+01,1.716666666500000105e+00
-3.073796997414853571e+00,5.423526530332529205e+01,1.716666666500000105e+00
-9.746185601559294032e-01,5.553379519885583449e+01,1.716666666500000105e+00
1.124559877102994987e+00,5.683232509438636981e+01,1.716666666500000105e+00
3.223738314361925816e+00,5.813085498991689803e+01,1.716666666500000105e+00
5.322916751620850206e+00,5.942938488544742626e+01,1.716666666500000105e+00
-9.446302967665159755e+00,5.280688241824171314e+01,1.716666666500000105e+00
-7.347124530406235365e+00,5.410541231377224136e+01,1.716666666500000105e+00
-5.247946093147310975e+00,5.540394220930278379e+01,1.716666666500000105e+00
-3.148767655888386585e+00,5.670247210483331202e+01,1.716666666500000105e+00
-1.049589218629462417e+00,5.800100200036384734e+01,1.716666666500000105e+00
1.049589218629469300e+00,5.929953189589437557e+01,1.716666666500000105e+00
3.148767655888392802e+00,6.059806179142491089e+01,1.716666666500000105e+00
-7.422095188879776373e+00,5.657261911528026133e+01,1.716666666500000105e+00
-5.322916751620851095e+00,5.787114901081078955e+01,1.716666666500000105e+00
-3.223738314361926705e+00,5.916967890634131777e+01,1.716666666500000105e+00
-1.124559877102995209e+00,6.046820880187186020e+01,1.716666666500000105e+00
9.746185601559289591e-01,6.176673869740240264e+01,1.716666666500000105e+00
3.073796997414852683e+00,6.306526859293292375e+01,1.716666666500000105e+00
-5.397887410094384109e+00,6.033835581231880241e+01,1.716666666500000105e+00
-3.298708972835452613e+00,6.163688570784934484e+01,1.716666666500000105e+00
-1.199530535576528223e+00,6.293541560337987306e+01,1.716666666500000105e+00
8.996479016823959451e-01,6.423394549891041549e+01,1.716666666500000105e+00
-3.373679631308985627e+00,6.410409250935735770e+01,1.716666666500000105e+00
-1.274501194050061237e+00,6.540262240488789303e+01,1.716666666500000105e+00
8.246772432088631533e-01,6.670115230041841414e+01,1.716666666500000105e+00
-1.349471852523594251e+00,6.786982920639589167e+01,1.716666666500000105e+00
0.000000000000000000e+00,0.000000000000000000e+00,-1.716666666500000105e+00
7.497065847353302781e-02,2.467206801508014191e+00,-1.716666666500000105e+00
-2.024207778785391820e+00,3.765736697038547742e+00,-1.716666666500000105e+00
1.499413169470660556e-01,4.934413603016028382e+00,-1.716666666500000105e+00
2.324090412679524320e+00,6.103090508993508578e+00,-1.716666666500000105e+00
-1.949237120311859250e+00,6.232943498546561933e+00,-1.716666666500000105e+00
2.249119754205990973e-01,7.401620404524042129e+00,-1.716666666500000105e+00
2.399061071153056446e+00,8.570297310501523214e+00,-1.716666666500000105e+00
4.573210166885513850e+00,9.738974216479002521e+00,-1.716666666500000105e+00
-4.048415557570783641e+00,7.531473394077095485e+00,-1.716666666500000105e+00
-1.874266461838325348e+00,8.700150300054577457e+00,-1.716666666500000105e+00
2.998826338941321112e-01,9.868827206032056765e+00,-1.716666666500000105e+00
2.474031729626589460e+00,1.103750411200953607e+01,-1.716666666500000105e+00
4.648180825359048640e+00,1.220618101798701716e+01,-1.716666666500000105e+00
6.822329921091506044e+00,1.337485792396449824e+01,-1.716666666500000105e+00
-3.973444899097249738e+00,9.998680195585109232e+00,-1.716666666500000105e+00
-1.799295803364792334e+00,1.116735710156259032e+01,-1.716666666500000105e+00
3.748532923676651252e-01,1.233603400754006962e+01,-1.716666666500000105e+00
2.549002388100124250e+00,1.350471091351755071e+01,-1.716666666500000105e+00
4.723151483832581654e+00,1.467338781949503179e+01,-1.716666666500000105e+00
6.897300579565039058e+00,1.584206472547250932e+01,-1.716666666500000105e+00
9.071449675297497350e+00,1.701074163144999218e+01,-1.716666666500000105e+00
-6.072623336356175017e+00,1.129721009111564278e+01,-1.716666666500000105e+00
-3.898474240623718501e+00,1.246588699709312387e+01,-1.716666666500000105e+00
-1.724325144891261097e+00,1.363456390307060317e+01,-1.716666666500000105e+00
4.498239508411981946e-01,1.480324080904808426e+01,-1.716666666500000105e+00
2.623973046573655488e+00,1.597191771502556712e+01,-1.716666666500000105e+00
4.798122142306112892e+00,1.714059462100304643e+01,-1.716666666500000105e+00
6.972271238038570296e+00,1.830927152698052751e+01,-1.716666666500000105e+00
9.146420333771027700e+00,1.947794843295800504e+01,-1.716666666500000105e+00
1.132056942950348422e+01,2.064662533893548613e+01,-1.716666666500000105e+00
-5.997652677882642003e+00,1.376441689262365919e+01,-1.716666666500000105e+00
-3.823503582150185487e+00,1.493309379860113850e+01,-1.716666666500000105e+00
-1.649354486417726084e+00,1.610177070457861959e+01,-1.716666666500000105e+00
5.247946093147312085e-01,1.727044761055610067e+01,-1.716666666500000105e+00
2.698943705047188502e+00,1.843912451653358175e+01,-1.716666666500000105e+00
4.873092800779645906e+00,1.960780142251105929e+01,-1.716666666500000105e+00
7.047241896512103310e+00,2.077647832848854037e+01,-1.716666666500000105e+00
9.221390992244561602e+00,2.194515523446602145e+01,-1.716666666500000105e+00
1.139554008797702167e+01,2.311383214044350254e+01,-1.716666666500000105e+00
1.356968918370947819e+01,2.428250904642098362e+01,-1.716666666500000105e+00
-8.096831115141567281e+00,1.506294678815419097e+01,-1.716666666500000105e+00
-5.922682019409108989e+00,1.623162369413167028e+01,-1.716666666500000105e+00
-3.748532923676650697e+00,1.740030060010915491e+01,-1.716666666500000105e+00
-1.574383827944193071e+00,1.856897750608663245e+01,-1.716666666500000105e+00
5.997652677882642225e-01,1.973765441206411353e+01,-1.716666666500000105e+00
2.773914363520721515e+00,2.090633131804159461e+01,-1.716666666500000105e+00
4.948063459253178920e+00,2.207500822401907214e+01,-1.716666666500000105e+00
7.122212554985636324e+00,2.324368512999655678e+01,-1.716666666500000105e+00
9.296361650718097280e+00,2.441236203597403431e+01,-1.716666666500000105e+00
1.147051074645055380e+01,2.558103894195151540e+01,-1.716666666500000105e+00
1.364465984218301209e+01,2.674971584792899648e+01,-1.716666666500000105e+00
1.581880893791546860e+01,2.791839275390647757e+01,-1.716666666500000105e+00
-8.021860456668033379e+00,1.753015358966220560e+01,-1.716666666500000105e+00
-5.847711360935574199e+00,1.869883049563968669e+01,-1.716666666500000105e+00
-3.673562265203117683e+00,1.986750740161716777e+01,-1.716666666500000105e+00
-1.499413169470660057e+00,2.103618430759464530e+01,-1.716666666500000105e+00
6.747359262617972364e-01,2.220486121357212639e+01,-1.716666666500000105e+00
2.848885021994254529e+00,2.337353811954960747e+01,-1.716666666500000105e+00
5.023034117726711933e+00,2.454221502552708500e+01,-1.716666666500000105e+00
7.197183213459172890e+00,2.571089193150456964e+01,-1.716666666500000105e+00
9.371332309191631182e+00,2.687956883748205072e+01,-1.716666666500000105e+00
1.154548140492408770e+01,2.804824574345952826e+01,-1.716666666500000105e+00
1.371963050065654421e+01,2.921692264943700934e+01,-1.716666666500000105e+00
1.589377959638900073e+01,3.038559955541449042e+01,-1.716666666500000105e+00
1.806792869212145902e+01,3.155427646139196796e+01,-1.716666666500000105e+00
-1.012103889392695777e+01,1.882868348519273738e+01,-1.716666666500000105e+00
-7.946889798194499477e+00,1.999736039117021846e+01,-1.716666666500000105e+00
-5.772740702462041185e+00,2.116603729714769955e+01,-1.716666666500000105e+00
-3.598591606729584669e+00,2.233471420312518063e+01,-1.716666666500000105e+00
-1.424442510997127043e+00,2.350339110910266172e+01,-1.716666666500000105e+00
7.497065847353302503e-01,2.467206801508013925e+01,-1.716666666500000105e+00
2.923855680467787987e+00,2.584074492105762388e+01,-1.716666666500000105e+00
5.098004776200248500e+00,2.700942182703510142e+01,-1.716666666500000105e+00
7.272153871932705904e+00,2.817809873301258250e+01,-1.716666666500000105e+00
9.446302967665163308e+00,2.934677563899006358e+01,-1.716666666500000105e+00
1.162045206339761982e+01,3.051545254496754467e+01,-1.716666666500000105e+00
1.379460115913007812e+01,3.168412945094501865e+01,-1.716666666500000105e+00
1.596875025486253463e+01,3.285280635692250684e+01,-1.716666666500000105e+00
1.814289935059499470e+01,3.402148326289998437e+01,-1.716666666500000105e+00
-1.004606823545342387e+01,2.129589028670075379e+01,-1.716666666500000105e+00
-7.871919139720966463e+00,2.246456719267823487e+01,-1.716666666500000105e+00
-5.697770043988508171e+00,2.363324409865571596e+01,-1.716666666500000105e+00
-3.523620948256051655e+00,2.480192100463319349e+01,-1.716666666500000105e+00
-1.349471852523594029e+00,2.597059791061067813e+01,-1.716666666500000105e+00
8.246772432088633753e-01,2.713927481658815566e+01,-1.716666666500000105e+00
2.998826338941324554e+00,2.830795172256563674e+01,-1.716666666500000105e+00
5.172975434673781514e+00,2.947662862854312138e+01,-1.716666666500000105e+00
7.347124530406238918e+00,3.064530553452059536e+01,-1.716666666500000105e+00
9.521273626138697210e+00,3.181398244049808000e+01,-1.716666666500000105e+00
1.169542272187115373e+01,3.298265934647555753e+01,-1.716666666500000105e+00
1.386957181760361024e+01,3.415133625245304216e+01,-1.716666666500000105e+00
1.604372091333606676e+01,3.532001315843051970e+01,-1.716666666500000105e+00
1.821787000906852683e+01,3.648869006440799723e+01,-1.716666666500000105e+00
-1.214524667271235003e+01,2.259442018223128557e+01,-1.716666666500000105e+00
-9.971097576979893518e+00,2.376309708820877020e+01,-1.716666666500000105e+00
-7.796948481247437002e+00,2.493177399418624773e+01,-1.716666666500000105e+00
-5.622799385514978709e+00,2.610045090016372882e+01,-1.716666666500000105e+00
-3.448650289782522194e+00,2.726912780614120635e+01,-1.716666666500000105e+00
-1.274501194050064568e+00,2.843780471211869099e+01,-1.716666666500000105e+00
8.996479016823963892e-01,2.960648161809616852e+01,-1.716666666500000105e+00
3.073796997414853571e+00,3.077515852407364960e+01,-1.716666666500000105e+00
5.247946093147310975e+00,3.194383543005113424e+01,-1.716666666500000105e+00
7.422095188879768379e+00,3.311251233602860822e+01,-1.716666666500000105e+00
9.596244284612225783e+00,3.428118924200609285e+01,-1.716666666500000105e+00
1.177039338034468230e+01,3.544986614798357039e+01,-1.716666666500000105e+00
1.394454247607714059e+01,3.661854305396105502e+01,-1.716666666500000105e+00
1.611869157180959533e+01,3.778721995993853255e+01,-1.716666666500000105e+00
-1.207027601423881791e+01,2.506162698373930198e+01,-1.716666666500000105e+00
-9.896126918506361392e+00,2.623030388971678306e+01,-1.716666666500000105e+00
-7.721977822773903988e+00,2.739898079569426415e+01,-1.716666666500000105e+00
-5.547828727041445696e+00,2.856765770167174523e+01,-1.716666666500000105e+00
-3.373679631308988736e+00,2.973633460764922631e+01,-1.716666666500000105e+00
-1.199530535576528001e+00,3.090501151362670385e+01,-1.716666666500000105e+00
9.746185601559295142e-01,3.207368841960418848e+01,-1.716666666500000105e+00
3.148767655888387029e+00,3.324236532558167312e+01,-1.716666666500000105e+00
5.322916751620843989e+00,3.441104223155914354e+01,-1.716666666500000105e+00
7.497065847353301393e+00,3.557971913753662108e+01,-1.716666666500000105e+00
9.671214943085759685e+00,3.674839604351410571e+01,-1.716666666500000105e+00
1.184536403881821620e+01,3.791707294949159035e+01,-1.716666666500000105e+00
1.401951313455067272e+01,3.908574985546906788e+01,-1.716666666500000105e+00
1.619366223028313101e+01,4.025442676144654541e+01,-1.716666666500000105e+00
-1.416945445149774230e+01,2.636015687926983730e+01,-1.716666666500000105e+00
-1.199530535576528401e+01,2.752883378524731839e+01,-1.716666666500000105e+00
-9.821156260032827490e+00,2.869751069122479592e+01,-1.716666666500000105e+00
-7.647007164300370974e+00,2.986618759720227700e+01,-1.716666666500000105e+00
-5.472858068567912682e+00,3.103486450317975809e+01,-1.716666666500000105e+00
-3.298708972835452169e+00,3.220354140915723917e+01,-1.716666666500000105e+00
-1.124559877102994765e+00,3.337221831513472381e+01,-1.716666666500000105e+00
1.049589218629462417e+00,3.454089522111220134e+01,-1.716666666500000105e+00
3.223738314361919599e+00,3.570957212708967887e+01,-1.716666666500000105e+00
5.397887410094377003e+00,3.687824903306716351e+01,-1.716666666500000105e+00
7.572036505826834407e+00,3.804692593904464104e+01,-1.716666666500000105e+00
9.746185601559291811e+00,3.921560284502211857e+01,-1.716666666500000105e+00
1.192033469729174833e+01,4.038427975099959610e+01,-1.716666666500000105e+00
1.409448379302420662e+01,4.155295665697708074e+01,-1.716666666500000105e+00
-1.409448379302420840e+01,2.882736368077785016e+01,-1.716666666500000105e+00
-1.192033469729175188e+01,2.999604058675533125e+01,-1.716666666500000105e+00
-9.746185601559295364e+00,3.116471749273280878e+01,-1.716666666500000105e+00
-7.572036505826837960e+00,3.233339439871029697e+01,-1.716666666500000105e+00
-5.397887410094376115e+00,3.350207130468776739e+01,-1.716666666500000105e+00
-3.223738314361919155e+00,3.467074821066525203e+01,-1.716666666500000105e+00
-1.049589218629461973e+00,3.583942511664272956e+01,-1.716666666500000105e+00
1.124559877102995431e+00,3.700810202262021420e+01,-1.716666666500000105e+00
3.298708972835453057e+00,3.817677892859769884e+01,-1.716666666500000105e+00
5.472858068567910017e+00,3.934545583457517637e+01,-1.716666666500000105e+00
7.647007164300367421e+00,4.051413274055264679e+01,-1.716666666500000105e+00
9.821156260032825713e+00,4.168280964653013143e+01,-1.716666666500000105e+00
1.199530535576528223e+01,4.285148655250761607e+01,-1.716666666500000105e+00
1.416945445149773875e+01,4.402016345848509360e+01,-1.716666666500000105e+00
-1.619366223028313456e+01,3.012589357630838194e+01,-1.716666666500000105e+00
-1.401951313455067627e+01,3.129457048228586302e+01,-1.716666666500000105e+00
-1.184536403881821798e+01,3.246324738826334055e+01,-1.716666666500000105e+00
-9.671214943085761462e+00,3.363192429424082519e+01,-1.716666666500000105e+00
-7.497065847353301393e+00,3.480060120021830983e+01,-1.716666666500000105e+00
-5.322916751620843101e+00,3.596927810619578025e+01,-1.716666666500000105e+00
-3.148767655888386141e+00,3.713795501217326489e+01,-1.716666666500000105e+00
-9.746185601559287370e-01,3.830663191815074953e+01,-1.716666666500000105e+00
1.199530535576528445e+00,3.947530882412822706e+01,-1.716666666500000105e+00
3.373679631308985627e+00,4.064398573010570459e+01,-1.716666666500000105e+00
5.547828727041443031e+00,4.181266263608318923e+01,-1.716666666500000105e+00
7.721977822773900435e+00,4.298133954206067386e+01,-1.716666666500000105e+00
9.896126918506357839e+00,4.415001644803814429e+01,-1.716666666500000105e+00
1.207027601423881435e+01,4.531869335401562893e+01,-1.716666666500000105e+00
-1.611869157180960244e+01,3.259310037781639124e+01,-1.716666666500000105e+00
-1.394454247607714237e+01,3.376177728379387588e+01,-1.716666666500000105e+00
-1.177039338034468585e+01,3.493045418977136052e+01,-1.716666666500000105e+00
-9.596244284612225783e+00,3.609913109574883805e+01,-1.716666666500000105e+00
-7.422095188879768379e+00,3.726780800172632269e+01,-1.716666666500000105e+00
-5.247946093147310087e+00,3.843648490770380732e+01,-1.716666666500000105e+00
-3.073796997414853127e+00,3.960516181368127775e+01,-1.716666666500000105e+00
-8.996479016823959451e-01,4.077383871965875528e+01,-1.716666666500000105e+00
1.274501194050061459e+00,4.194251562563623992e+01,-1.716666666500000105e+00
3.448650289782519085e+00,4.311119253161372455e+01,-1.716666666500000105e+00
5.622799385514976045e+00,4.427986943759120209e+01,-1.716666666500000105e+00
7.796948481247433449e+00,4.544854634356867962e+01,-1.716666666500000105e+00
9.971097576979891741e+00,4.661722324954616425e+01,-1.716666666500000105e+00
1.214524667271234826e+01,4.778590015552364179e+01,-1.716666666500000105e+00
-1.821787000906852683e+01,3.389163027334693368e+01,-1.716666666500000105e+00
-1.604372091333606676e+01,3.506030717932441121e+01,-1.716666666500000105e+00
-1.386957181760361024e+01,3.622898408530188874e+01,-1.716666666500000105e+00
-1.169542272187114840e+01,3.739766099127937338e+01,-1.716666666500000105e+00
-9.521273626138691881e+00,3.856633789725685801e+01,-1.716666666500000105e+00
-7.347124530406235365e+00,3.973501480323433555e+01,-1.716666666500000105e+00
-5.172975434673777073e+00,4.090369170921181308e+01,-1.716666666500000105e+00
-2.998826338941320113e+00,4.207236861518929061e+01,-1.716666666500000105e+00
-8.246772432088627092e-01,4.324104552116677525e+01,-1.716666666500000105e+00
1.349471852523594473e+00,4.440972242714425278e+01,-1.716666666500000105e+00
3.523620948256051655e+00,4.557839933312173031e+01,-1.716666666500000105e+00
5.697770043988509059e+00,4.674707623909921494e+01,-1.716666666500000105e+00
7.871919139720966463e+00,4.791575314507669958e+01,-1.716666666500000105e+00
1.004606823545342387e+01,4.908443005105417001e+01,-1.716666666500000105e+00
-1.814289935059499115e+01,3.635883707485494654e+01,-1.716666666500000105e+00
-1.596875025486253463e+01,3.752751398083242407e+01,-1.716666666500000105e+00
-1.379460115913007279e+01,3.869619088680990160e+01,-1.716666666500000105e+00
-1.162045206339761627e+01,3.986486779278738624e+01,-1.716666666500000105e+00
-9.446302967665159755e+00,4.103354469876486377e+01,-1.716666666500000105e+00
-7.272153871932702351e+00,4.220222160474234840e+01,-1.716666666500000105e+00
-5.098004776200244059e+00,4.337089851071983304e+01,-1.716666666500000105e+00
-2.923855680467787099e+00,4.453957541669730347e+01,-1.716666666500000105e+00
-7.497065847353299173e-01,4.570825232267478100e+01,-1.716666666500000105e+00
1.424442510997127487e+00,4.687692922865226564e+01,-1.716666666500000105e+00
3.598591606729585113e+00,4.804560613462975027e+01,-1.716666666500000105e+00
5.772740702462042073e+00,4.921428304060722780e+01,-1.716666666500000105e+00
7.946889798194499477e+00,5.038295994658471244e+01,-1.716666666500000105e+00
1.012103889392695777e+01,5.155163685256219708e+01,-1.716666666500000105e+00
-1.806792869212145902e+01,3.882604387636295940e+01,-1.716666666500000105e+00
-1.589377959638899895e+01,3.999472078234043693e+01,-1.716666666500000105e+00
-1.371963050065654066e+01,4.116339768831791446e+01,-1.716666666500000105e+00
-1.154548140492408237e+01,4.233207459429539909e+01,-1.716666666500000105e+00
-9.371332309191625853e+00,4.350075150027288373e+01,-1.716666666500000105e+00
-7.197183213459169338e+00,4.466942840625036126e+01,-1.716666666500000105e+00
-5.023034117726711045e+00,4.583810531222783879e+01,-1.716666666500000105e+00
-2.848885021994254085e+00,4.700678221820532343e+01,-1.716666666500000105e+00
-6.747359262617967923e-01,4.817545912418280096e+01,-1.716666666500000105e+00
1.499413169470660501e+00,4.934413603016027849e+01,-1.716666666500000105e+00
3.673562265203118127e+00,5.051281293613776313e+01,-1.716666666500000105e+00
5.847711360935575975e+00,5.168148984211524777e+01,-1.716666666500000105e+00
8.021860456668031603e+00,5.285016674809272530e+01,-1.716666666500000105e+00
-1.581880893791546505e+01,4.246192758384846400e+01,-1.716666666500000105e+00
-1.364465984218300676e+01,4.363060448982593442e+01,-1.716666666500000105e+00
-1.147051074645055024e+01,4.479928139580341195e+01,-1.716666666500000105e+00
-9.296361650718093728e+00,4.596795830178089659e+01,-1.716666666500000105e+00
-7.122212554985635435e+00,4.713663520775838123e+01,-1.716666666500000105e+00
-4.948063459253178031e+00,4.830531211373585876e+01,-1.716666666500000105e+00
-2.773914363520721071e+00,4.947398901971333629e+01,-1.716666666500000105e+00
-5.997652677882637784e-01,5.064266592569081382e+01,-1.716666666500000105e+00
1.574383827944193737e+00,5.181134283166829846e+01,-1.716666666500000105e+00
3.748532923676651141e+00,5.298001973764577599e+01,-1.716666666500000105e+00
5.922682019409108989e+00,5.414869664362326063e+01,-1.716666666500000105e+00
8.096831115141572610e+00,5.531737354960074526e+01,-1.716666666500000105e+00
-1.356968918370947463e+01,4.609781129133394728e+01,-1.716666666500000105e+00
-1.139554008797701634e+01,4.726648819731143192e+01,-1.716666666500000105e+00
-9.221390992244559826e+00,4.843516510328890945e+01,-1.716666666500000105e+00
-7.047241896512103310e+00,4.960384200926638698e+01,-1.716666666500000105e+00
-4.873092800779645017e+00,5.077251891524387162e+01,-1.716666666500000105e+00
-2.698943705047188057e+00,5.194119582122135625e+01,-1.716666666500000105e+00
-5.247946093147307645e-01,5.310987272719882668e+01,-1.716666666500000105e+00
1.649354486417726751e+00,5.427854963317631132e+01,-1.716666666500000105e+00
3.823503582150184155e+00,5.544722653915379595e+01,-1.716666666500000105e+00
5.997652677882649108e+00,5.661590344513127349e+01,-1.716666666500000105e+00
-1.132056942950348422e+01,4.973369499881943767e+01,-1.716666666500000105e+00
-9.146420333771027700e+00,5.090237190479692231e+01,-1.716666666500000105e+00
-6.972271238038569408e+00,5.207104881077440695e+01,-1.716666666500000105e+00
-4.798122142306112003e+00,5.323972571675188448e+01,-1.716666666500000105e+00
-2.623973046573655044e+00,5.440840262272936911e+01,-1.716666666500000105e+00
-4.498239508411975285e-01,5.557707952870685375e+01,-1.716666666500000105e+00
1.724325144891259765e+00,5.674575643468432418e+01,-1.716666666500000105e+00
3.898474240623724274e+00,5.791443334066180171e+01,-1.716666666500000105e+00
6.072623336356182122e+00,5.908311024663928634e+01,-1.716666666500000105e+00
-9.071449675297500903e+00,5.336957870630493517e+01,-1.716666666500000105e+00
-6.897300579565044387e+00,5.453825561228241270e+01,-1.716666666500000105e+00
-4.723151483832586095e+00,5.570693251825990444e+01,-1.716666666500000105e+00
-2.549002388100129135e+00,5.687560942423738197e+01,-1.716666666500000105e+00
-3.748532923676718420e-01,5.804428633021485950e+01,-1.716666666500000105e+00
1.799295803364792778e+00,5.921296323619233704e+01,-1.716666666500000105e+00
3.973444899097250183e+00,6.038164014216982167e+01,-1.716666666500000105e+00
-6.822329921091510485e+00,5.700546241379043266e+01,-1.716666666500000105e+00
-4.648180825359053081e+00,5.817413931976791019e+01,-1.716666666500000105e+00
-2.474031729626596121e+00,5.934281622574539483e+01,-1.716666666500000105e+00
-2.998826338941315006e-01,6.051149313172287947e+01,-1.716666666500000105e+00
1.874266461838325792e+00,6.168017003770035700e+01,-1.716666666500000105e+00
4.048415557570783641e+00,6.284884694367783453e+01,-1.716666666500000105e+00
-4.573210166885520067e+00,6.064134612127593016e+01,-1.716666666500000105e+00
-2.399061071153056002e+00,6.181002302725340769e+01,-1.716666666500000105e+00
-2.249119754205984867e-01,6.297869993323089233e+01,-1.716666666500000105e+00
1.949237120311859028e+00,6.414737683920837696e+01,-1.716666666500000105e+00
-2.324090412679523432e+00,6.427722982876140634e+01,-1.716666666500000105e+00
-1.499413169470655005e-01,6.544590673473889808e+01,-1.716666666500000105e+00
2.024207778785391820e+00,6.661458364071637561e+01,-1.716666666500000105e+00
-7.497065847353269474e-02,6.791311353624691094e+01,-1.716666666500000105e+00
-1.349471852523594251e+00,2.510491131359032124e+00,-1.716666666500000105e+00
8.246772432088635973e-01,3.679168037336512320e+00,-1.716666666500000105e+00
-1.274501194050061237e+00,4.977697932867045871e+00,-1.716666666500000105e+00
8.996479016823966113e-01,6.146374838844526067e+00,-1.716666666500000105e+00
3.073796997414854903e+00,7.315051744822006263e+00,-1.716666666500000105e+00
-3.373679631308986515e+00,6.276227828397579422e+00,-1.716666666500000105e+00
-1.199530535576528667e+00,7.444904734375059618e+00,-1.716666666500000105e+00
9.746185601559297362e-01,8.613581640352540703e+00,-1.716666666500000105e+00
3.148767655888387029e+00,9.782258546330021787e+00,-1.716666666500000105e+00
5.322916751620843989e+00,1.095093545230750109e+01,-1.716666666500000105e+00
-3.298708972835452613e+00,8.743434629905594946e+00,-1.716666666500000105e+00
-1.124559877102994765e+00,9.912111535883074254e+00,-1.716666666500000105e+00
1.049589218629462639e+00,1.108078844186055534e+01,-1.716666666500000105e+00
3.223738314361920043e+00,1.224946534783803465e+01,-1.716666666500000105e+00
5.397887410094378779e+00,1.341814225381551395e+01,-1.716666666500000105e+00
7.572036505826835295e+00,1.458681915979299681e+01,-1.716666666500000105e+00
-5.397887410094377003e+00,1.004196452543612850e+01,-1.716666666500000105e+00
-3.223738314361918711e+00,1.121064143141360780e+01,-1.716666666500000105e+00
-1.049589218629461751e+00,1.237931833739108711e+01,-1.716666666500000105e+00
1.124559877102995653e+00,1.354799524336856820e+01,-1.716666666500000105e+00
3.298708972835454833e+00,1.471667214934604750e+01,-1.716666666500000105e+00
5.472858068567911793e+00,1.588534905532353037e+01,-1.716666666500000105e+00
7.647007164300368309e+00,1.705402596130100790e+01,-1.716666666500000105e+00
9.821156260032825713e+00,1.822270286727849253e+01,-1.716666666500000105e+00
-5.322916751620845766e+00,1.250917132694414136e+01,-1.716666666500000105e+00
-3.148767655888387473e+00,1.367784823292162066e+01,-1.716666666500000105e+00
-9.746185601559304024e-01,1.484652513889910175e+01,-1.716666666500000105e+00
1.199530535576528889e+00,1.601520204487658461e+01,-1.716666666500000105e+00
3.373679631308986071e+00,1.718387895085406569e+01,-1.716666666500000105e+00
5.547828727041443031e+00,1.835255585683154322e+01,-1.716666666500000105e+00
7.721977822773899547e+00,1.952123276280902431e+01,-1.716666666500000105e+00
9.896126918506356063e+00,2.068990966878650539e+01,-1.716666666500000105e+00
1.207027601423881613e+01,2.185858657476398292e+01,-1.716666666500000105e+00
-7.422095188879769267e+00,1.380770122247467668e+01,-1.716666666500000105e+00
-5.247946093147312752e+00,1.497637812845215599e+01,-1.716666666500000105e+00
-3.073796997414854459e+00,1.614505503442963885e+01,-1.716666666500000105e+00
-8.996479016823956121e-01,1.731373194040711638e+01,-1.716666666500000105e+00
1.274501194050061903e+00,1.848240884638459747e+01,-1.716666666500000105e+00
3.448650289782519085e+00,1.965108575236207855e+01,-1.716666666500000105e+00
5.622799385514976045e+00,2.081976265833955608e+01,-1.716666666500000105e+00
7.796948481247432561e+00,2.198843956431703717e+01,-1.716666666500000105e+00
9.971097576979889965e+00,2.315711647029451825e+01,-1.716666666500000105e+00
1.214524667271235181e+01,2.432579337627200289e+01,-1.716666666500000105e+00
1.431939576844480833e+01,2.549447028224948042e+01,-1.716666666500000105e+00
-7.347124530406236254e+00,1.627490802398269309e+01,-1.716666666500000105e+00
-5.172975434673779738e+00,1.744358492996016707e+01,-1.716666666500000105e+00
-2.998826338941319669e+00,1.861226183593765171e+01,-1.716666666500000105e+00
-8.246772432088625981e-01,1.978093874191513279e+01,-1.716666666500000105e+00
1.349471852523594917e+00,2.094961564789261033e+01,-1.716666666500000105e+00
3.523620948256052099e+00,2.211829255387009141e+01,-1.716666666500000105e+00
5.697770043988509059e+00,2.328696945984757249e+01,-1.716666666500000105e+00
7.871919139720965575e+00,2.445564636582505358e+01,-1.716666666500000105e+00
1.004606823545342564e+01,2.562432327180253111e+01,-1.716666666500000105e+00
1.222021733118588571e+01,2.679300017778001575e+01,-1.716666666500000105e+00
1.439436642691834223e+01,2.796167708375749328e+01,-1.716666666500000105e+00
1.656851552265079874e+01,2.913035398973497436e+01,-1.716666666500000105e+00
-9.446302967665159755e+00,1.757343791951322132e+01,-1.716666666500000105e+00
-7.272153871932703240e+00,1.874211482549070595e+01,-1.716666666500000105e+00
-5.098004776200244947e+00,1.991079173146818349e+01,-1.716666666500000105e+00
-2.923855680467786655e+00,2.107946863744566457e+01,-1.716666666500000105e+00
-7.497065847353295842e-01,2.224814554342314565e+01,-1.716666666500000105e+00
1.424442510997127931e+00,2.341682244940062319e+01,-1.716666666500000105e+00
3.598591606729585113e+00,2.458549935537810427e+01,-1.716666666500000105e+00
5.772740702462042073e+00,2.575417626135558535e+01,-1.716666666500000105e+00
7.946889798194502141e+00,2.692285316733306644e+01,-1.716666666500000105e+00
1.012103889392695955e+01,2.809153007331054752e+01,-1.716666666500000105e+00
1.229518798965941784e+01,2.926020697928802861e+01,-1.716666666500000105e+00
1.446933708539187435e+01,3.042888388526550614e+01,-1.716666666500000105e+00
1.664348618112433087e+01,3.159756079124299077e+01,-1.716666666500000105e+00
1.881763527685678739e+01,3.276623769722046831e+01,-1.716666666500000105e+00
-9.371332309191627630e+00,2.004064472102123418e+01,-1.716666666500000105e+00
-7.197183213459168449e+00,2.120932162699871881e+01,-1.716666666500000105e+00
-5.023034117726711933e+00,2.237799853297619634e+01,-1.716666666500000105e+00
-2.848885021994253641e+00,2.354667543895367743e+01,-1.716666666500000105e+00
-6.747359262617965703e-01,2.471535234493115851e+01,-1.716666666500000105e+00
1.499413169470660945e+00,2.588402925090863604e+01,-1.716666666500000105e+00
3.673562265203118571e+00,2.705270615688612068e+01,-1.716666666500000105e+00
5.847711360935578639e+00,2.822138306286359821e+01,-1.716666666500000105e+00
8.021860456668035155e+00,2.939005996884108285e+01,-1.716666666500000105e+00
1.019600955240049167e+01,3.055873687481856038e+01,-1.716666666500000105e+00
1.237015864813295174e+01,3.172741378079604502e+01,-1.716666666500000105e+00
1.454430774386540826e+01,3.289609068677351900e+01,-1.716666666500000105e+00
1.671845683959786655e+01,3.406476759275100363e+01,-1.716666666500000105e+00
1.889260593533032306e+01,3.523344449872848827e+01,-1.716666666500000105e+00
-1.147051074645055202e+01,2.133917461655177306e+01,-1.716666666500000105e+00
-9.296361650718091951e+00,2.250785152252925059e+01,-1.716666666500000105e+00
-7.122212554985635435e+00,2.367652842850673167e+01,-1.716666666500000105e+00
-4.948063459253178920e+00,2.484520533448421631e+01,-1.716666666500000105e+00
-2.773914363520720627e+00,2.601388224046169029e+01,-1.716666666500000105e+00
-5.997652677882634453e-01,2.718255914643917492e+01,-1.716666666500000105e+00
1.574383827944193959e+00,2.835123605241665601e+01,-1.716666666500000105e+00
3.748532923676655138e+00,2.951991295839413354e+01,-1.716666666500000105e+00
5.922682019409111653e+00,3.068858986437161818e+01,-1.716666666500000105e+00
8.096831115141569057e+00,3.185726677034909926e+01,-1.716666666500000105e+00
1.027098021087402557e+01,3.302594367632658390e+01,-1.716666666500000105e+00
1.244512930660648387e+01,3.419462058230406143e+01,-1.716666666500000105e+00
1.461927840233894038e+01,3.536329748828153896e+01,-1.716666666500000105e+00
1.679342749807139867e+01,3.653197439425901649e+01,-1.716666666500000105e+00
-1.139554008797701989e+01,2.380638141805978591e+01,-1.716666666500000105e+00
-9.221390992244563378e+00,2.497505832403726700e+01,-1.716666666500000105e+00
-7.047241896512105974e+00,2.614373523001474453e+01,-1.716666666500000105e+00
-4.873092800779649458e+00,2.731241213599222917e+01,-1.716666666500000105e+00
-2.698943705047191166e+00,2.848108904196970315e+01,-1.716666666500000105e+00
-5.247946093147339841e-01,2.964976594794718778e+01,-1.716666666500000105e+00
1.649354486417726973e+00,3.081844285392466887e+01,-1.716666666500000105e+00
3.823503582150184599e+00,3.198711975990214995e+01,-1.716666666500000105e+00
5.997652677882641115e+00,3.315579666587963459e+01,-1.716666666500000105e+00
8.171801773615097630e+00,3.432447357185711212e+01,-1.716666666500000105e+00
1.034595086934755415e+01,3.549315047783459676e+01,-1.716666666500000105e+00
1.252009996508001421e+01,3.666182738381207429e+01,-1.716666666500000105e+00
1.469424906081247073e+01,3.783050428978955182e+01,-1.716666666500000105e+00
1.686839815654492725e+01,3.899918119576702935e+01,-1.716666666500000105e+00
-1.349471852523594428e+01,2.510491131359032124e+01,-1.716666666500000105e+00
-1.132056942950348777e+01,2.627358821956780233e+01,-1.716666666500000105e+00
-9.146420333771029476e+00,2.744226512554527986e+01,-1.716666666500000105e+00
-6.972271238038572960e+00,2.861094203152276094e+01,-1.716666666500000105e+00
-4.798122142306116444e+00,2.977961893750024203e+01,-1.716666666500000105e+00
-2.623973046573657708e+00,3.094829584347772666e+01,-1.716666666500000105e+00
-4.498239508411973064e-01,3.211697274945520775e+01,-1.716666666500000105e+00
1.724325144891260209e+00,3.328564965543268528e+01,-1.716666666500000105e+00
3.898474240623717613e+00,3.445432656141016992e+01,-1.716666666500000105e+00
6.072623336356174129e+00,3.562300346738764745e+01,-1.716666666500000105e+00
8.246772432088631533e+00,3.679168037336512498e+01,-1.716666666500000105e+00
1.042092152782108805e+01,3.796035727934260962e+01,-1.716666666500000105e+00
1.259507062355354634e+01,3.912903418532009425e+01,-1.716666666500000105e+00
1.476921971928600286e+01,4.029771109129756468e+01,-1.716666666500000105e+00
-1.341974786676241038e+01,2.757211811509833410e+01,-1.716666666500000105e+00
-1.124559877102995387e+01,2.874079502107581519e+01,-1.716666666500000105e+00
-9.071449675297497350e+00,2.990947192705329627e+01,-1.716666666500000105e+00
-6.897300579565039946e+00,3.107814883303077380e+01,-1.716666666500000105e+00
-4.723151483832583430e+00,3.224682573900825844e+01,-1.716666666500000105e+00
-2.549002388100121141e+00,3.341550264498574307e+01,-1.716666666500000105e+00
-3.748532923676640705e-01,3.458417955096322771e+01,-1.716666666500000105e+00
1.799295803364793223e+00,3.575285645694069814e+01,-1.716666666500000105e+00
3.973444899097250627e+00,3.692153336291817567e+01,-1.716666666500000105e+00
6.147593994829707142e+00,3.809021026889566031e+01,-1.716666666500000105e+00
8.321743090562163658e+00,3.925888717487314494e+01,-1.716666666500000105e+00
1.049589218629462017e+01,4.042756408085062247e+01,-1.716666666500000105e+00
1.267004128202708024e+01,4.159624098682810001e+01,-1.716666666500000105e+00
1.484419037775953676e+01,4.276491789280558464e+01,-1.716666666500000105e+00
-1.551892630402133477e+01,2.887064801062886943e+01,-1.716666666500000105e+00
-1.334477720828887826e+01,3.003932491660634696e+01,-1.716666666500000105e+00
-1.117062811255642174e+01,3.120800182258382804e+01,-1.716666666500000105e+00
-8.996479016823963448e+00,3.237667872856130913e+01,-1.716666666500000105e+00
-6.822329921091506932e+00,3.354535563453879377e+01,-1.716666666500000105e+00
-4.648180825359046864e+00,3.471403254051627130e+01,-1.716666666500000105e+00
-2.474031729626588128e+00,3.588270944649375593e+01,-1.716666666500000105e+00
-2.998826338941312786e-01,3.705138635247123347e+01,-1.716666666500000105e+00
1.874266461838326236e+00,3.822006325844871810e+01,-1.716666666500000105e+00
4.048415557570783641e+00,3.938874016442619563e+01,-1.716666666500000105e+00
6.222564653303240156e+00,4.055741707040367316e+01,-1.716666666500000105e+00
8.396713749035697560e+00,4.172609397638115070e+01,-1.716666666500000105e+00
1.057086284476815408e+01,4.289477088235863533e+01,-1.716666666500000105e+00
1.274501194050061237e+01,4.406344778833611997e+01,-1.716666666500000105e+00
-1.544395564554780265e+01,3.133785481213688229e+01,-1.716666666500000105e+00
-1.326980654981534435e+01,3.250653171811436692e+01,-1.716666666500000105e+00
-1.109565745408288784e+01,3.367520862409184446e+01,-1.716666666500000105e+00
-8.921508358350431322e+00,3.484388553006932199e+01,-1.716666666500000105e+00
-6.747359262617970366e+00,3.601256243604680662e+01,-1.716666666500000105e+00
-4.573210166885513850e+00,3.718123934202428416e+01,-1.716666666500000105e+00
-2.399061071153055114e+00,3.834991624800176879e+01,-1.716666666500000105e+00
-2.249119754205980704e-01,3.951859315397925343e+01,-1.716666666500000105e+00
1.949237120311859250e+00,4.068727005995673096e+01,-1.716666666500000105e+00
4.123386216044316654e+00,4.185594696593420139e+01,-1.716666666500000105e+00
6.297535311776773170e+00,4.302462387191168602e+01,-1.716666666500000105e+00
8.471684407509229686e+00,4.419330077788917066e+01,-1.716666666500000105e+00
1.064583350324168620e+01,4.536197768386664819e+01,-1.716666666500000105e+00
1.281998259897414627e+01,4.653065458984413283e+01,-1.716666666500000105e+00
-1.754313408280672704e+01,3.263638470766741762e+01,-1.716666666500000105e+00
-1.536898498707426874e+01,3.380506161364489515e+01,-1.716666666500000105e+00
-1.319483589134181223e+01,3.497373851962237978e+01,-1.716666666500000105e+00
-1.102068679560935571e+01,3.614241542559986442e+01,-1.716666666500000105e+00
-8.846537699876893868e+00,3.731109233157733485e+01,-1.716666666500000105e+00
-6.672388604144437352e+00,3.847976923755481948e+01,-1.716666666500000105e+00
-4.498239508411979948e+00,3.964844614353230412e+01,-1.716666666500000105e+00
-2.324090412679522100e+00,4.081712304950978165e+01,-1.716666666500000105e+00
-1.499413169470652785e-01,4.198579995548725918e+01,-1.716666666500000105e+00
2.024207778785392264e+00,4.315447686146474382e+01,-1.716666666500000105e+00
4.198356874517849668e+00,4.432315376744222846e+01,-1.716666666500000105e+00
6.372505970250306184e+00,4.549183067341969888e+01,-1.716666666500000105e+00
8.546655065982763588e+00,4.666050757939717641e+01,-1.716666666500000105e+00
1.072080416171522010e+01,4.782918448537466816e+01,-1.716666666500000105e+00
-1.746816342433319136e+01,3.510359150917543047e+01,-1.716666666500000105e+00
-1.529401432860073662e+01,3.627226841515291511e+01,-1.716666666500000105e+00
-1.311986523286827833e+01,3.744094532113039264e+01,-1.716666666500000105e+00
-1.094571613713581826e+01,3.860962222710787728e+01,-1.716666666500000105e+00
-8.771567041403361742e+00,3.977829913308536192e+01,-1.716666666500000105e+00
-6.597417945670904338e+00,4.094697603906283234e+01,-1.716666666500000105e+00
-4.423268849938447822e+00,4.211565294504030987e+01,-1.716666666500000105e+00
-2.249119754205989086e+00,4.328432985101779451e+01,-1.716666666500000105e+00
-7.497065847353207024e-02,4.445300675699527915e+01,-1.716666666500000105e+00
2.099178437258925278e+00,4.562168366297275668e+01,-1.716666666500000105e+00
4.273327532991382682e+00,4.679036056895023421e+01,-1.716666666500000105e+00
6.447476628723839198e+00,4.795903747492771174e+01,-1.716666666500000105e+00
8.621625724456295714e+00,4.912771438090519638e+01,-1.716666666500000105e+00
1.079577482018875223e+01,5.029639128688267391e+01,-1.716666666500000105e+00
-1.956734186159211575e+01,3.640212140470596580e+01,-1.716666666500000105e+00
-1.739319276585965923e+01,3.757079831068344333e+01,-1.716666666500000105e+00
-1.521904367012720272e+01,3.873947521666092797e+01,-1.716666666500000105e+00
-1.304489457439474265e+01,3.990815212263840550e+01,-1.716666666500000105e+00
-1.087074547866228613e+01,4.107682902861589014e+01,-1.716666666500000105e+00
-8.696596382929827840e+00,4.224550593459336767e+01,-1.716666666500000105e+00
-6.522447287197371324e+00,4.341418284057084520e+01,-1.716666666500000105e+00
-4.348298191464913920e+00,4.458285974654832984e+01,-1.716666666500000105e+00
-2.174149095732456072e+00,4.575153665252580737e+01,-1.716666666500000105e+00
7.198621345130932931e-16,4.692021355850328490e+01,-1.716666666500000105e+00
2.174149095732458292e+00,4.808889046448076954e+01,-1.716666666500000105e+00
4.348298191464915696e+00,4.925756737045825417e+01,-1.716666666500000105e+00
6.522447287197372212e+00,5.042624427643572460e+01,-1.716666666500000105e+00
8.696596382929829616e+00,5.159492118241320924e+01,-1.716666666500000105e+00
-1.731822210738612711e+01,4.003800511219145619e+01,-1.716666666500000105e+00
-1.514407301165366704e+01,4.120668201816894083e+01,-1.716666666500000105e+00
-1.296992391592120875e+01,4.237535892414641836e+01,-1.716666666500000105e+00
-1.079577482018875223e+01,4.354403583012390300e+01,-1.716666666500000105e+00
-8.621625724456295714e+00,4.471271273610138763e+01,-1.716666666500000105e+00
-6.447476628723838310e+00,4.588138964207885806e+01,-1.716666666500000105e+00
-4.273327532991381794e+00,4.705006654805633559e+01,-1.716666666500000105e+00
-2.099178437258923058e+00,4.821874345403382023e+01,-1.716666666500000105e+00
7.497065847353394374e-02,4.938742036001130487e+01,-1.716666666500000105e+00
2.249119754205991306e+00,5.055609726598878240e+01,-1.716666666500000105e+00
4.423268849938448710e+00,5.172477417196626703e+01,-1.716666666500000105e+00
6.597417945670905226e+00,5.289345107794375167e+01,-1.716666666500000105e+00
8.771567041403361742e+00,5.406212798392122210e+01,-1.716666666500000105e+00
-1.506910235318013314e+01,4.367388881967696079e+01,-1.716666666500000105e+00
-1.289495325744767662e+01,4.484256572565443832e+01,-1.716666666500000105e+00
-1.072080416171522010e+01,4.601124263163191586e+01,-1.716666666500000105e+00
-8.546655065982761812e+00,4.717991953760940049e+01,-1.716666666500000105e+00
-6.372505970250305296e+00,4.834859644358688513e+01,-1.716666666500000105e+00
-4.198356874517847892e+00,4.951727334956435556e+01,-1.716666666500000105e+00
-2.024207778785390044e+00,5.068595025554183309e+01,-1.716666666500000105e+00
1.499413169470669438e-01,5.185462716151931772e+01,-1.716666666500000105e+00
2.324090412679524320e+00,5.302330406749680236e+01,-1.716666666500000105e+00
4.498239508411981724e+00,5.419198097347427989e+01,-1.716666666500000105e+00
6.672388604144438240e+00,5.536065787945176453e+01,-1.716666666500000105e+00
-1.281998259897414272e+01,4.730977252716245118e+01,-1.716666666500000105e+00
-1.064583350324168620e+01,4.847844943313993582e+01,-1.716666666500000105e+00
-8.471684407509229686e+00,4.964712633911741335e+01,-1.716666666500000105e+00
-6.297535311776772282e+00,5.081580324509489088e+01,-1.716666666500000105e+00
-4.123386216044314878e+00,5.198448015107236841e+01,-1.716666666500000105e+00
-1.949237120311856808e+00,5.315315705704985305e+01,-1.716666666500000105e+00
2.249119754205999577e-01,5.432183396302733058e+01,-1.716666666500000105e+00
2.399061071153057334e+00,5.549051086900481522e+01,-1.716666666500000105e+00
4.573210166885514738e+00,5.665918777498229986e+01,-1.716666666500000105e+00
6.747359262617978359e+00,5.782786468095977739e+01,-1.716666666500000105e+00
-1.057086284476815408e+01,5.094565623464794157e+01,-1.716666666500000105e+00
-8.396713749035695784e+00,5.211433314062542621e+01,-1.716666666500000105e+00
-6.222564653303239268e+00,5.328301004660291085e+01,-1.716666666500000105e+00
-4.048415557570781864e+00,5.445168695258038838e+01,-1.716666666500000105e+00
-1.874266461838323794e+00,5.562036385855786591e+01,-1.716666666500000105e+00
2.998826338941331660e-01,5.678904076453535055e+01,-1.716666666500000105e+00
2.474031729626590348e+00,5.795771767051282808e+01,-1.716666666500000105e+00
4.648180825359054857e+00,5.912639457649030561e+01,-1.716666666500000105e+00
-8.321743090562170764e+00,5.458153994213343907e+01,-1.716666666500000105e+00
-6.147593994829713360e+00,5.575021684811091660e+01,-1.716666666500000105e+00
-3.973444899097255956e+00,5.691889375408840834e+01,-1.716666666500000105e+00
-1.799295803364797885e+00,5.808757066006587877e+01,-1.716666666500000105e+00
3.748532923676588524e-01,5.925624756604335630e+01,-1.716666666500000105e+00
2.549002388100123362e+00,6.042492447202084094e+01,-1.716666666500000105e+00
4.723151483832580766e+00,6.159360137799832557e+01,-1.716666666500000105e+00
-6.072623336356180346e+00,5.821742364961893657e+01,-1.716666666500000105e+00
-3.898474240623723386e+00,5.938610055559641410e+01,-1.716666666500000105e+00
-1.724325144891265094e+00,6.055477746157389163e+01,-1.716666666500000105e+00
4.498239508411991938e-01,6.172345436755137627e+01,-1.716666666500000105e+00
2.623973046573656376e+00,6.289213127352885380e+01,-1.716666666500000105e+00
-3.823503582150190372e+00,6.185330735710443406e+01,-1.716666666500000105e+00
-1.649354486417724974e+00,6.302198426308191159e+01,-1.716666666500000105e+00
5.247946093147322077e-01,6.419066116905939623e+01,-1.716666666500000105e+00
2.698943705047189390e+00,6.535933807503687376e+01,-1.716666666500000105e+00
-1.574383827944192404e+00,6.548919106458990314e+01,-1.716666666500000105e+00
5.997652677882649996e-01,6.665786797056739488e+01,-1.716666666500000105e+00
6.747359262617977915e-01,6.912507477207540774e+01,-1.716666666500000105e+00
